Agriculture,Agriculture
Agriculture,Agriculture
Agriculture,Agriculture
Agriculture,Agriculture
Agriculture,Agriculture
Agriculture,Agriculture
Agriculture,Agriculture
Agriculture,Agriculture
Agriculture,Agriculture
Agriculture,Agriculture
Agriculture,Agriculture
Agriculture,Agriculture
Agriculture,Agriculture
Architecture & Construction,Architecture
Architecture & Construction,Architecture
Architecture & Construction,Environmental Design
Architecture & Construction,Interior Architecture
Architecture & Construction,Landscape Architecture
Architecture & Construction,Architecture
Architecture & Construction,Architecture
Architecture & Construction,Architecture
Architecture & Construction,Architecture
Architecture & Construction,Architecture
Architecture & Construction,Construction Trades
Architecture & Construction,Construction Trades
Architecture & Construction,Construction Trades
Architecture & Construction,Construction Trades
Architecture & Construction,Construction Trades
Architecture & Construction,Construction Trades
Architecture & Construction,Construction Trades
Arts,Fashion Design
Arts,Religious/Sacred Music
Arts,General Visual & Performing Arts
Arts,Fine & Studio Arts
Arts,Dance
Arts,Design & Multimedia
Arts,Theatre
Arts,Film/Video & Photography
Arts,Fine & Studio Arts
Arts,Music
Arts,"Arts, Entertainment, and Media Management"
Arts,General Visual & Performing Arts
Biological Sciences,Biochemistry
Biological Sciences,Biological and Physical Sciences.
Biological Sciences,Biological Sciences
Biological Sciences,Biological Sciences
Biological Sciences,Biological Sciences
Biological Sciences,Biological Sciences
Biological Sciences,Biological Sciences
Biological Sciences,Biological Sciences
Biological Sciences,Biological Sciences
Biological Sciences,Biological Sciences
Biological Sciences,Biological Sciences
Biological Sciences,Biological Sciences
Biological Sciences,Biological Sciences
Biological Sciences,Biological Sciences
Biological Sciences,Neuroscience
Biological Sciences,Biotechnology
Biological Sciences,Biotechnology
Biological Sciences,Neuroscience
Biological Sciences,Neuroscience
Biological Sciences,Zoology/Animal Science
Biological Sciences,Zoology/Animal Science
Biological Sciences,Zoology/Animal Science
Biological Sciences,Zoology/Animal Science
"Business, Management, & Marketing",Paralegal & Legal Support Services
"Business, Management, & Marketing",Paralegal & Legal Support Services
"Business, Management, & Marketing","Business, Management, Marketing"
"Business, Management, & Marketing","Business, Management, Marketing"
"Business, Management, & Marketing",Accounting 
"Business, Management, & Marketing","Business, Management, Marketing"
"Business, Management, & Marketing","Business, Management, Marketing"
"Business, Management, & Marketing","Business, Management, Marketing"
"Business, Management, & Marketing","Business, Management, Marketing"
"Business, Management, & Marketing","Business, Management, Marketing"
"Business, Management, & Marketing","Business, Management, Marketing"
"Business, Management, & Marketing","Business, Management, Marketing"
"Business, Management, & Marketing","Business, Management, Marketing"
"Business, Management, & Marketing","Business, Management, Marketing"
"Business, Management, & Marketing","Business, Management, Marketing"
"Business, Management, & Marketing",Real Estate
"Business, Management, & Marketing","Business, Management, Marketing"
"Business, Management, & Marketing","Business, Management, Marketing"
"Business, Management, & Marketing","Business, Management, Marketing"
"Business, Management, & Marketing","Business, Management, Marketing"
"Business, Management, & Marketing",Architecture & Construction
"Business, Management, & Marketing","Business, Management, Marketing"
"Business, Management, & Marketing","Business, Management, Marketing"
Communication & Journalism,Communication & Journalism
Communication & Journalism,Communication & Journalism
Communication & Journalism,Communication & Journalism
Communication & Journalism,Communication & Journalism
Communication & Journalism,Communication & Journalism
Communication & Journalism,Communication & Journalism
Communication & Journalism,Communication Technologies
Communication & Journalism,Audio & Visual Communication Tech
Communication & Journalism,Graphic Communications
Communication & Journalism,Communication Technologies
Computer & Information Sciences,Computer & Information Sciences
Computer & Information Sciences,Computer & Information Sciences
Computer & Information Sciences,Computer & Information Sciences
Computer & Information Sciences,Computer & Information Sciences
Computer & Information Sciences,Computer & Information Sciences
Computer & Information Sciences,Computer & Information Sciences
Computer & Information Sciences,Computer & Information Sciences
Computer & Information Sciences,Computer & Information Sciences
Computer & Information Sciences,Computer & Information Sciences
Computer & Information Sciences,Computer & Information Sciences
Computer & Information Sciences,Computer & Information Sciences
Computer & Information Sciences,Computer & Information Sciences
Computer & Information Sciences,Computer & Information Sciences
Computer & Information Sciences,Computer & Information Sciences
Computer & Information Sciences,Computer & Information Sciences
Computer & Information Sciences,Computer & Information Sciences
Education,Education
Education,Education
Education,Education
Education,Education
Education,Education
Education,Education
Education,Education
Education,Education
Education,Education
Education,Education
Education,Education
Education,Education
Education,Education
Education,Education
Education,Education
Education,Family & Consumer Sciences
Education,Family & Consumer Sciences
Education,Family & Consumer Sciences
Education,Family & Consumer Sciences
Education,Family & Consumer Sciences
Education,Family & Consumer Sciences
Education,Family & Consumer Sciences
Engineering,Engineering
Engineering,Engineering
Engineering,Engineering
Engineering,Engineering
Engineering,Engineering
Engineering,Engineering
Engineering,Engineering
Engineering,Engineering
Engineering,Engineering
Engineering,Engineering
Engineering,Engineering
Engineering,Engineering
Engineering,Engineering
Engineering,Engineering
Engineering,Engineering
Engineering,Engineering
Engineering,Engineering
Engineering,Engineering
Engineering,Engineering
Engineering,Engineering
Engineering,Engineering
Engineering,Engineering
Engineering,Engineering
Engineering,Engineering
Engineering,Engineering
Engineering,Engineering
Engineering,Engineering
Engineering,Engineering
Engineering,Engineering
Engineering,Engineering
Engineering,Engineering
Engineering,Engineering
Engineering,Engineering
Engineering,Engineering
Engineering,Engineering
Engineering,Engineering
Engineering,Engineering
Engineering,Engineering
Engineering,Engineering Technology
Engineering,Engineering Technology
Engineering,Engineering Technology
Engineering,Engineering Technology
Engineering,Engineering Technology
Engineering,Engineering Technology
Engineering,Engineering Technology
Engineering,Engineering Technology
Engineering,Engineering Technology
Engineering,Engineering Technology
Engineering,Engineering Technology
Engineering,Engineering Technology
Engineering,Engineering Technology
Engineering,Engineering Technology
Engineering,Engineering Technology
Engineering,Engineering Technology
Engineering,Engineering Technology
Engineering,Engineering Technology
Healthcare,Food & Nutrition Sciences
Healthcare,Food & Nutrition Sciences
Healthcare,Kiniseology and Physical Education/Fitness
Healthcare,Kiniseology and Physical Education/Fitness
Healthcare,Healthcare
Healthcare,Healthcare
Healthcare,Communication Disorders
Healthcare,Healthcare
Healthcare,Healthcare
Healthcare,Dental Hygiene
Healthcare,Medical Administration
Healthcare,Allied Health
Healthcare,Allied Health
Healthcare,Allied Health
Healthcare,Healthcare
Healthcare,Healthcare
Healthcare,Allied Health
Healthcare,Nursing
Healthcare,Healthcare
Healthcare,Healthcare
Healthcare,Healthcare
Healthcare,Healthcare
Healthcare,Public Health
Healthcare,Rehabilitation & Therapy
Healthcare,Allied Health
Healthcare,Medical Illustration & Informatics
Healthcare,Food & Nutrition Sciences
Healthcare,Healthcare
Healthcare,Alternative Medicine
Healthcare,Alternative Medicine
Healthcare,Alternative Medicine
Healthcare,Alternative Medicine
Healthcare,Alternative Medicine
Healthcare,Nursing
Healthcare,Nursing
Healthcare,Healthcare
"Homeland Security, Law Enforcement, & Criminal Justice",Military Studies & Technologies
"Homeland Security, Law Enforcement, & Criminal Justice",Military Studies & Technologies
"Homeland Security, Law Enforcement, & Criminal Justice",Military Studies & Technologies
"Homeland Security, Law Enforcement, & Criminal Justice",Military Studies & Technologies
"Homeland Security, Law Enforcement, & Criminal Justice",Criminal Justice & Law Enforcement
"Homeland Security, Law Enforcement, & Criminal Justice",Fire Science & Services
"Homeland Security, Law Enforcement, & Criminal Justice",Homeland Security & Emergency Managmenet
"Homeland Security, Law Enforcement, & Criminal Justice",Homeland Security & Emergency Managmenet
"Homeland Security, Law Enforcement, & Criminal Justice",Criminal Justice & Law Enforcement
"Hospitality, Parks & Recreation, & Personal Services",Funeral Service and Mortuary Science.
"Hospitality, Parks & Recreation, & Personal Services",Cosmetology 
"Hospitality, Parks & Recreation, & Personal Services",Culinary Arts
"Hospitality, Parks & Recreation, & Personal Services",Culinary Arts
"Hospitality, Parks & Recreation, & Personal Services",Parks & Recreation Studies
"Hospitality, Parks & Recreation, & Personal Services",Parks & Recreation Studies
"Hospitality, Parks & Recreation, & Personal Services",Parks & Recreation Studies
"Hospitality, Parks & Recreation, & Personal Services",Hospitality Administration/Management
Humanities,"Foreign Languages, Literatures, Linguistics"
Humanities,"Foreign Languages, Literatures, Linguistics"
Humanities,"Foreign Languages, Literatures, Linguistics"
Humanities,"Foreign Languages, Literatures, Linguistics"
Humanities,"Foreign Languages, Literatures, Linguistics"
Humanities,"Foreign Languages, Literatures, Linguistics"
Humanities,"Foreign Languages, Literatures, Linguistics"
Humanities,"Foreign Languages, Literatures, Linguistics"
Humanities,"Foreign Languages, Literatures, Linguistics"
Humanities,"Foreign Languages, Literatures, Linguistics"
Humanities,"Foreign Languages, Literatures, Linguistics"
Humanities,"Foreign Languages, Literatures, Linguistics"
Humanities,"Foreign Languages, Literatures, Linguistics"
Humanities,"Foreign Languages, Literatures, Linguistics"
Humanities,"Foreign Languages, Literatures, Linguistics"
Humanities,American Sign Language
Humanities,"Foreign Languages, Literatures, Linguistics"
Humanities,English
Humanities,English
Humanities,English
Humanities,English
Humanities,English
Humanities,Liberal Arts & Sciences
Humanities,History
Humanities,History
Humanities,History
Humanities,Philosophy & Religious Studies
Humanities,Philosophy & Religious Studies
Humanities,Philosophy & Religious Studies
Humanities,Philosophy & Religious Studies
Humanities,Philosophy & Religious Studies
Humanities,Philosophy & Religious Studies
Humanities,Philosophy & Religious Studies
Humanities,Philosophy & Religious Studies
Humanities,Philosophy & Religious Studies
Humanities,Philosophy & Religious Studies
Humanities,History
Mathematics & Statistics,Mathematics & Statistics
Mathematics & Statistics,Mathematics & Statistics
Mathematics & Statistics,Mathematics & Statistics
Mathematics & Statistics,Mathematics & Statistics
Mathematics & Statistics,Mathematics & Statistics
"Mechanic, Repair & ManufacturingTechnologies",Mechanic & Repair Technologies
"Mechanic, Repair & ManufacturingTechnologies",Electrical/Electronic Maintenance
"Mechanic, Repair & ManufacturingTechnologies",HVAC Systems
"Mechanic, Repair & ManufacturingTechnologies",Heavy/Industrial Equipment Maintenance
"Mechanic, Repair & ManufacturingTechnologies",Electrical/Electronic Maintenance
"Mechanic, Repair & ManufacturingTechnologies",Automechanics
"Mechanic, Repair & ManufacturingTechnologies",Electrical/Electronic Maintenance
"Mechanic, Repair & ManufacturingTechnologies",Precision Production
"Mechanic, Repair & ManufacturingTechnologies",Precision Production
"Mechanic, Repair & ManufacturingTechnologies",Precision Production
"Mechanic, Repair & ManufacturingTechnologies",Precision Production
"Mechanic, Repair & ManufacturingTechnologies",Precision Production
"Mechanic, Repair & ManufacturingTechnologies",Precision Production
"Mechanic, Repair & ManufacturingTechnologies",Air Transportation
"Mechanic, Repair & ManufacturingTechnologies",Automechanics
"Mechanic, Repair & ManufacturingTechnologies",Marine Transportation.
"Mechanic, Repair & ManufacturingTechnologies",Transportation & Materials Moving
"Misc. Multi/Interdisciplinary Studies, Other.","Multi/Interdisciplinary Studies, Other."
"Misc. Multi/Interdisciplinary Studies, Other.","Multi/Interdisciplinary Studies, Other."
Natural Resources & Conservation,Natural Resources and Conservation
Natural Resources & Conservation,Natural Resources and Conservation
Natural Resources & Conservation,Natural Resources and Conservation
Natural Resources & Conservation,Natural Resources and Conservation
Natural Resources & Conservation,Natural Resources and Conservation
Natural Resources & Conservation,Natural Resources and Conservation
Natural Resources & Conservation,Marine Sciences
Natural Resources & Conservation,Marine Sciences
Natural Resources & Conservation,Natural Resources and Conservation
Physical Sciences,Natural Sciences.
Physical Sciences,Physical Sciences
Physical Sciences,Physics & Astronomy
Physical Sciences,Atmospheric Sciences
Physical Sciences,Chemistry
Physical Sciences,Physical Sciences
Physical Sciences,Physics & Astronomy
Physical Sciences,Physical Sciences
Physical Sciences,Physical Sciences
Physical Sciences,Science Technologies
Physical Sciences,Nuclear
Physical Sciences,Science Technologies
Physical Sciences,Science Technologies
Public Administration & Social Services,Public Administration & Social Services
Public Administration & Social Services,Public Administration & Social Services
Public Administration & Social Services,Public Administration & Social Services
Public Administration & Social Services,Public Administration & Social Services
Public Administration & Social Services,Social Work
Public Administration & Social Services,Public Administration & Social Services
Social Sciences & Psychology,Anthropology
Social Sciences & Psychology,Anthropology
Social Sciences & Psychology,Archeology
Social Sciences & Psychology,"Area, Ethnic, Cultural, and Gender Studies"
Social Sciences & Psychology,"Area, Ethnic, Cultural, and Gender Studies"
Social Sciences & Psychology,"Area, Ethnic, Cultural, and Gender Studies"
Social Sciences & Psychology,Cognitive Science
Social Sciences & Psychology,Cultural Studies/Critical Theory and Analysis
Social Sciences & Psychology,Social Sciences
Social Sciences & Psychology,Economics
Social Sciences & Psychology,Geography and Cartography
Social Sciences & Psychology,"Political Science, Government, & International Relations"
Social Sciences & Psychology,"Political Science, Government, & International Relations"
Social Sciences & Psychology,Legal Studies
Social Sciences & Psychology,Legal Studies
Social Sciences & Psychology,Legal Studies
Social Sciences & Psychology,Library Studies
Social Sciences & Psychology,Library Studies
Social Sciences & Psychology,Library Studies
Social Sciences & Psychology,Library Studies
Social Sciences & Psychology,"Political Science, Government, & International Relations"
Social Sciences & Psychology,"Political Science, Government, & International Relations"
Social Sciences & Psychology,Psychology
Social Sciences & Psychology,Psychology
Social Sciences & Psychology,Psychology
Social Sciences & Psychology,Psychology
Social Sciences & Psychology,Psychology
Social Sciences & Psychology,Psychology
Social Sciences & Psychology,Psychology
Social Sciences & Psychology,Psychology
Social Sciences & Psychology,Psychology
Social Sciences & Psychology,Psychology
Social Sciences & Psychology,Social Sciences
Social Sciences & Psychology,Social Sciences
Social Sciences & Psychology,Social Sciences
Social Sciences & Psychology,Sociology
Social Sciences & Psychology,Sociology
Social Sciences & Psychology,Urban Studies/Affairs